{
    "mse": 0.012097063626216096,
    "mae": 0.10605591618141551,
    "rmse": 0.10998665203658167,
    "direction_accuracy": 0.5178571428571429,
    "r2": -2.256746292114258
}